-- phpMyAdmin SQL Dump
-- version 5.0.2
-- https://www.phpmyadmin.net/
--
-- Host: 127.0.0.1
-- Generation Time: May 20, 2021 at 10:34 AM
-- Server version: 10.4.13-MariaDB
-- PHP Version: 7.4.7

SET SQL_MODE = "NO_AUTO_VALUE_ON_ZERO";
START TRANSACTION;
SET time_zone = "+00:00";


/*!40101 SET @OLD_CHARACTER_SET_CLIENT=@@CHARACTER_SET_CLIENT */;
/*!40101 SET @OLD_CHARACTER_SET_RESULTS=@@CHARACTER_SET_RESULTS */;
/*!40101 SET @OLD_COLLATION_CONNECTION=@@COLLATION_CONNECTION */;
/*!40101 SET NAMES utf8mb4 */;

--
-- Database: `code_alazhar`
--

-- --------------------------------------------------------

--
-- Table structure for table `category`
--

CREATE TABLE `category` (
  `id` int(11) NOT NULL,
  `cat_name` varchar(100) NOT NULL,
  `status` tinyint(4) NOT NULL DEFAULT 1
) ENGINE=InnoDB DEFAULT CHARSET=utf8mb4;

--
-- Dumping data for table `category`
--

INSERT INTO `category` (`id`, `cat_name`, `status`) VALUES
(1, 'General', 1),
(2, 'VIP', 1),
(3, 'Camp Patient', 1),
(4, 'Student Case', 1);

-- --------------------------------------------------------

--
-- Table structure for table `department`
--

CREATE TABLE `department` (
  `id` int(11) NOT NULL,
  `dept_name` varchar(100) NOT NULL,
  `sttus` tinyint(4) NOT NULL DEFAULT 1
) ENGINE=InnoDB DEFAULT CHARSET=utf8mb4;

--
-- Dumping data for table `department`
--

INSERT INTO `department` (`id`, `dept_name`, `sttus`) VALUES
(5, 'General', 1),
(6, 'Dental', 1);

-- --------------------------------------------------------

--
-- Table structure for table `new_table_name`
--

CREATE TABLE `new_table_name` (
  `id` int(11) NOT NULL,
  `p` int(11) NOT NULL,
  `d` int(11) NOT NULL
) ENGINE=InnoDB DEFAULT CHARSET=utf8mb4;

-- --------------------------------------------------------

--
-- Table structure for table `patients_record`
--

CREATE TABLE `patients_record` (
  `id` bigint(20) NOT NULL,
  `reg_card_number` varchar(12) NOT NULL,
  `name` varchar(100) NOT NULL,
  `dob` datetime DEFAULT NULL,
  `age` tinyint(2) NOT NULL,
  `gender` varchar(15) NOT NULL,
  `blood_group` varchar(5) NOT NULL,
  `house` varchar(100) DEFAULT NULL,
  `Place` varchar(100) DEFAULT NULL,
  `post_office` varchar(50) DEFAULT NULL,
  `district` varchar(50) DEFAULT NULL,
  `state` varchar(50) DEFAULT NULL,
  `pin` varchar(10) DEFAULT NULL,
  `contact_number` varchar(20) DEFAULT NULL,
  `parent_gurdian_name` varchar(100) DEFAULT NULL,
  `emergency_contact` varchar(20) DEFAULT NULL,
  `category` bigint(20) NOT NULL,
  `reg_date` datetime NOT NULL,
  `remarks` varchar(200) DEFAULT NULL,
  `created_by` bigint(20) NOT NULL,
  `created_on` datetime NOT NULL,
  `updated_by` bigint(20) DEFAULT NULL,
  `updated_on` datetime DEFAULT NULL,
  `status` tinyint(4) NOT NULL DEFAULT 1
) ENGINE=InnoDB DEFAULT CHARSET=utf8mb4;

--
-- Dumping data for table `patients_record`
--

INSERT INTO `patients_record` (`id`, `reg_card_number`, `name`, `dob`, `age`, `gender`, `blood_group`, `house`, `Place`, `post_office`, `district`, `state`, `pin`, `contact_number`, `parent_gurdian_name`, `emergency_contact`, `category`, `reg_date`, `remarks`, `created_by`, `created_on`, `updated_by`, `updated_on`, `status`) VALUES
(1, 'A00001', 'name', '0000-00-00 00:00:00', 127, 'm', '', 'dgh', NULL, '', '0', '0', '', '134213', NULL, '', 0, '2020-11-02 11:24:23', NULL, 0, '0000-00-00 00:00:00', NULL, NULL, 1),
(2, 'D00044', 'haha', '0000-00-00 00:00:00', 100, 'm', '', 'm', NULL, '', '0', '0', '', '134213', NULL, '', 0, '2020-11-02 11:27:42', NULL, 0, '0000-00-00 00:00:00', NULL, NULL, 1),
(4, 'D00035', 'haha', '0000-00-00 00:00:00', 127, 'm', '', 'l', NULL, '', '0', '0', '', '134213', NULL, '', 0, '2020-11-02 11:28:19', NULL, 0, '0000-00-00 00:00:00', NULL, NULL, 1),
(5, 'D00004', 'A', '2020-11-19 14:47:45', 12, 'M', '', 'f', 'f', NULL, NULL, NULL, NULL, '', 'p', '9', 1, '2020-11-19 14:47:45', 'k', 1, '2020-11-19 14:47:45', NULL, NULL, 1),
(6, 'D00034', 'hahaddd', '1997-10-07 14:25:52', 23, 'male', '', 'Abijith villa', 'Arakaparambu', 'Arakaparambu p.o', '1', '2', '123456', '8523697410', 'T', '8523697410', 1, '2020-11-21 14:25:52', 'Lorem Ipsum is simply dummy text of the printing and typesetting industry. Lorem Ipsum has been the industry\'s standard dummy text ever since the 1500s, when an unknown printer took a galley of type a', 0, '0000-00-00 00:00:00', NULL, NULL, 1),
(8, 'D00036', 'Patient name', '0000-00-00 00:00:00', 0, 'Male', '', '', '', '', '', '', '', '', '', '', 2, '0000-00-00 00:00:00', '', 0, '0000-00-00 00:00:00', NULL, NULL, 1),
(9, 'D00037', 'Patient name', '0000-00-00 00:00:00', 104, 'Male', '', '', '', '', '', '', '', '', '', '', 2, '0000-00-00 00:00:00', '', 0, '0000-00-00 00:00:00', NULL, NULL, 1),
(10, 'D00038', 'Patient name', '0000-00-00 00:00:00', 0, 'Male', '', '', '', '', '', '', '', '', '', '', 1, '0000-00-00 00:00:00', '', 0, '0000-00-00 00:00:00', NULL, NULL, 1),
(11, 'D00039', 'Patient name', '2020-11-19 16:47:18', 104, 'Male', '', 'House', 'Place', 'Post Office', 'Distric', 'Kerala', '682016', '5555', 'Vishnu', 'Emergency Contact No', 2, '0000-00-00 00:00:00', 'None', 0, '0000-00-00 00:00:00', NULL, NULL, 1),
(12, 'D00041', 'Patient name', '2018-10-07 00:00:00', 2, 'Male', '', 'House', 'Place', 'Post Office', 'Distric', 'State', '34234', '+91 8136846677', '', '+91 8136846677', 3, '2020-12-29 00:00:00', '', 0, '0000-00-00 00:00:00', NULL, NULL, 1),
(13, 'D00045', 'afasfsa', '0000-00-00 00:00:00', 0, 'Male', '', '', '', '', '', '', '', '', '', '', 1, '0000-00-00 00:00:00', '', 1, '2020-12-18 00:00:00', NULL, NULL, 1),
(14, 'D00046', 'Patient name*', '0000-00-00 00:00:00', 23, 'Male', '', 'House', 'Place/Street', 'Post Office', 'Distric', 'State', 'Pin', 'Contact', 'Parent /Guardian Name', 'Emergency', 2, '0000-00-00 00:00:00', 'Remarks', 1, '2020-12-22 00:00:00', NULL, NULL, 1),
(15, 'D00047', 'dfhdf', '2020-12-08 00:00:00', 0, 'Male', '', '', '', '', '', '', '', '', '', '', 1, '2020-12-22 00:00:00', '', 1, '2020-12-22 00:00:00', NULL, NULL, 1),
(16, 'D00048', 'sdfgsdg', NULL, 35, 'Male', '', '', '', '', '', '', '', '', '', '', 1, '2020-12-22 00:00:00', '', 1, '2020-12-22 00:00:00', NULL, NULL, 1),
(17, 'D00049', 'dfg', NULL, 34, 'Male', '', '', '', '', '', '', '', '', '', '', 1, '2020-12-22 00:00:00', '', 1, '2020-12-22 00:00:00', NULL, NULL, 1),
(18, 'D00051', 'sdgtsdg', NULL, 23, 'Male', '', '', '', '', '', '', '', '', '', '', 2, '2020-12-22 00:00:00', '', 1, '2020-12-22 00:00:00', NULL, NULL, 1),
(19, 'D00052', 'sxgsg', NULL, 23, 'Male', '', '', '', '', '', '', '', '', '', '', 3, '2020-12-22 00:00:00', '', 1, '2020-12-22 00:00:00', NULL, NULL, 1),
(20, 'D00053', 'wsdf', NULL, 23, 'Male', '', '', '', '', '', '', '', '', '', '', 1, '2020-12-22 00:00:00', '', 1, '2020-12-22 00:00:00', NULL, NULL, 1),
(21, 'D00054', 'sfg', NULL, 34, 'Male', '', '', '', '', '', '', '', '', '', '', 2, '2020-12-22 00:00:00', '', 1, '2020-12-22 00:00:00', NULL, NULL, 1),
(22, '2100145', 'Selena', '1997-10-11 00:00:00', 23, 'Female', 'N/A', 'House', 'Place', 'Post Office', 'Districdd', 'State', '123456', '1234', '', '123', 2, '2020-12-23 00:00:00', 'fgjtyyyyyyyyyyd', 1, '2020-12-22 00:00:00', NULL, NULL, 1),
(23, 'D00056', 'Francis sebin Fernandez', NULL, 12, 'Male', 'N/A', '', '', '', '', '', '', '234235235', '', '', 1, '2020-12-01 00:00:00', '', 1, '2020-12-28 00:00:00', NULL, NULL, 1),
(24, 'D00057', 'Patient name', NULL, 12, 'Male', '', '', '', '', '', '', '', '', '', '', 1, '2020-12-29 00:00:00', '', 1, '2020-12-29 00:00:00', NULL, NULL, 1),
(25, 'D00058', 'Patient name', NULL, 23, 'Female', '', '', '', '', '', '', '', '', '', '', 1, '2020-12-29 00:00:00', '', 1, '2020-12-29 00:00:00', NULL, NULL, 1),
(26, 'D00059', 'Patient name', NULL, 23, 'Male', '', '', '', '', '', '', '', '', '', '', 1, '2020-12-29 00:00:00', '', 1, '2020-12-29 00:00:00', NULL, NULL, 1),
(27, 'D00061', 'Patient name', NULL, 11, 'Others', '', '', '', '', '', '', '', '', '', '', 1, '2020-12-29 00:00:00', '', 1, '2020-12-29 00:00:00', NULL, NULL, 1),
(28, 'D00062', 'Patient name', NULL, 45, 'Others', '', '', '', '', '', '', '', '', '', '', 1, '2020-12-29 00:00:00', '', 1, '2020-12-29 00:00:00', NULL, NULL, 1),
(29, 'D00069', 'd', NULL, 23, 'Female', '', '', '', '', '', '', '', '', '', '', 1, '2020-12-29 00:00:00', '', 1, '2020-12-29 00:00:00', NULL, NULL, 1),
(30, 'D00079', 'fgh', NULL, 43, 'Male', '', '', '', '', '', '', '', '', '', '', 1, '2020-12-29 00:00:00', '', 1, '2020-12-29 00:00:00', NULL, NULL, 1),
(31, 'D00089', 'fgh', NULL, 23, 'Male', '', '', '', '', '', '', '', '', '', '', 1, '2020-12-29 00:00:00', '', 1, '2020-12-29 00:00:00', NULL, NULL, 1),
(32, 'D00090', 'gfh', NULL, 34, 'Male', '', '', '', '', '', '', '', '', '', '', 1, '2020-12-29 00:00:00', '', 1, '2020-12-29 00:00:00', NULL, NULL, 1),
(33, 'D00091', 'er', NULL, 45, 'Male', '', '', '', '', '', '', '', '', '', '', 2, '2020-12-29 00:00:00', '', 1, '2020-12-29 00:00:00', NULL, NULL, 1),
(34, 'D00092', 'wert', '2000-12-01 00:00:00', 20, 'Male', '', 'House', 'Place/Street', 'Post Office', 'Distric', 'State', 'Pin', 'Contact No', 'Parent /Guardian Name', 'Emergency Contact No', 1, '2020-12-29 00:00:00', 'RemarksRemarksRemarksRemarksRemarksRemarksRemarksRemarksRemarksRemarksRemarksRemarksRemarksRemarksRemarksRemarksRemarksRemarksRemarksRemarksRemarksRemarksRemarksRemarksRemarksRemarksRemarksRemarksRema', 1, '2020-12-29 00:00:00', NULL, NULL, 1),
(35, 'D00093', 'f', NULL, 34, 'Male', '', '', '', '', '', '', '', '34234234234', '', '', 1, '2020-12-29 00:00:00', '', 1, '2020-12-29 00:00:00', NULL, NULL, 1),
(36, 'D00094', 'eeq', NULL, 3, 'Male', '', '', '', '', '', '', '', '2345252', '', '', 1, '2020-12-29 00:00:00', '', 1, '2020-12-29 00:00:00', NULL, NULL, 1),
(37, 'D00095', 'Francis Sebin Fernandez', '1997-08-11 00:00:00', 23, 'Male', '', 'Kallada', 'Thevara', 'Thevara P.O', 'Ernakulam', 'Kerala', '682013', '8136846677', 'Sebastian Fernandez', '9567079366', 2, '2020-12-29 00:00:00', 'NIl', 1, '2020-12-29 00:00:00', NULL, NULL, 1),
(38, 'D00096', 'Patient name', '1997-01-11 00:00:00', 23, 'Male', 'B+', 'House', 'Place/Street', 'Post Office', 'Distric', 'State', '852369', 'Contact No', 'Guardian Name', '8523697410', 2, '2020-12-23 00:00:00', 'NIl', 1, '2020-12-30 00:00:00', NULL, NULL, 1),
(39, 'D00097', 'Team', '1900-12-11 00:00:00', 127, 'Male', 'N/A', '', '', '', '', '', '', '1235465', '', '', 1, '2020-12-30 00:00:00', '', 1, '2020-12-30 00:00:00', NULL, NULL, 1),
(40, 'D00098', 's', '1965-01-11 00:00:00', 55, 'Male', 'N/A', '', '', '', '', '', '', '354235235', '', '', 1, '2020-12-30 00:00:00', '', 1, '2020-12-30 00:00:00', NULL, NULL, 1),
(41, '2100099', 'fffff', NULL, 12, 'Male', 'N/A', '', '', '', '', '', '', '1234567890', '', '', 1, '2021-01-16 00:00:00', '', 1, '2021-01-16 00:00:00', NULL, NULL, 1),
(42, '2100100', 'ggggggg', NULL, 34, 'Male', 'N/A', '', '', '', '', '', '', '14235234534634', '', '', 1, '2021-01-16 00:00:00', '', 1, '2021-01-16 00:00:00', NULL, NULL, 1),
(43, '2100101', 'adf', '2021-01-11 00:00:00', 0, 'Male', 'N/A', '', '', '', '', '', '', '235245346346', '', '', 1, '2021-01-18 00:00:00', '', 1, '2021-01-18 00:00:00', NULL, NULL, 1),
(44, '2100102', 'sdfg', NULL, 34, 'Male', 'N/A', '', '', '', '', '', '', '46346346', '', '', 1, '2021-01-18 00:00:00', '', 1, '2021-01-18 00:00:00', NULL, NULL, 1),
(45, '2100103', 'Merin', '2009-02-27 00:00:00', 12, 'Male', 'O+', '', '', '', '', '', '', '9879879875', '', '', 1, '2021-01-18 00:00:00', '', 1, '2021-01-18 00:00:00', NULL, NULL, 1),
(46, '2100104', 'Manu', '1975-10-12 00:00:00', 46, 'Male', 'N/A', '', '', '', '', '', '', '9876549875', '', '', 1, '2021-01-18 00:00:00', '', 1, '2021-01-18 00:00:00', NULL, NULL, 1),
(47, '2110113', 'Jane Doe II', '2000-01-05 00:00:00', 21, 'Male', 'N/A', '', '', '', '', '', '', '1234567890', '', '', 1, '2021-01-29 00:00:00', '', 1, '2021-01-29 00:00:00', NULL, NULL, 1),
(48, '2100106', 'sdf', NULL, 44, 'Male', 'N/A', '', '', '', '', '', '', '2352345345', '', '', 1, '2021-01-29 00:00:00', '', 1, '2021-01-29 00:00:00', NULL, NULL, 1),
(49, '2100107', 'Francis Sebin Fernandez', '1997-08-11 00:00:00', 24, 'Male', 'O+', '', '', '', '', '', '', '8136846677', '', '', 1, '2021-01-29 00:00:00', '', 1, '2021-01-29 00:00:00', NULL, NULL, 1),
(50, '2100108', 'Francis Sebin Fernandez', '1997-08-11 00:00:00', 24, 'Male', 'O+', '', '', '', '', '', '', '8136846677', '', '', 1, '2021-01-29 00:00:00', '', 1, '2021-01-29 00:00:00', NULL, NULL, 1),
(51, '2100109', 'Francis Sebin Fernandez', '1997-08-11 00:00:00', 24, 'Male', 'O+', '', '', '', '', '', '', '8136846677', '', '', 1, '2021-01-29 00:00:00', '', 1, '2021-01-29 00:00:00', NULL, NULL, 1),
(52, '2100110', 'Francis Sebin Fernandez', '1997-08-11 00:00:00', 24, 'Male', 'O+', '', '', '', '', '', '', '8136846677', '', '', 1, '2021-01-29 00:00:00', '', 1, '2021-01-29 00:00:00', NULL, NULL, 1),
(53, '2100111', 'dfgh', NULL, 23, 'Male', 'N/A', '', '', '', '', '', '', '3456436376', '', '', 1, '2021-01-29 00:00:00', '', 1, '2021-01-29 00:00:00', NULL, NULL, 1),
(54, '2100114', 'hfghfgh', NULL, 34, 'Male', 'N/A', '', '', '', '', '', '', '23423245346346', '', '', 1, '2021-01-29 00:00:00', '', 1, '2021-01-29 00:00:00', NULL, NULL, 1),
(55, '2100115', 'sdgsdg', NULL, 53, 'Male', 'N/A', '', '', '', '', '', '', '23523523', '', '', 1, '2021-01-29 00:00:00', '', 1, '2021-01-29 00:00:00', NULL, NULL, 1),
(56, '2100116', 'sdfg', NULL, 45, 'Male', 'N/A', '', '', '', '', '', '', '235456346364', '', '', 1, '2021-01-29 00:00:00', '', 1, '2021-01-29 00:00:00', NULL, NULL, 1),
(57, '2100117', 'sdgsdg', NULL, 34, 'Male', 'N/A', '', '', '', '', '', '', '23524346346', '', '', 1, '2021-01-29 00:00:00', '', 1, '2021-01-29 00:00:00', NULL, NULL, 1),
(58, '2100118', 'sdgsdg', NULL, 34, 'Male', 'N/A', '', '', '', '', '', '', '23524346346', '', '', 1, '2021-01-29 00:00:00', '', 1, '2021-01-29 00:00:00', NULL, NULL, 1),
(59, '2100119', 'sdgsdg', NULL, 34, 'Male', 'N/A', '', '', '', '', '', '', '23524346346', '', '', 1, '2021-01-29 00:00:00', '', 1, '2021-01-29 00:00:00', NULL, NULL, 1),
(60, '2100120', 'wertwet', NULL, 23, 'Male', 'N/A', '', '', '', '', '', '', '23525235', '', '', 1, '2021-01-29 00:00:00', '', 1, '2021-01-29 00:00:00', NULL, NULL, 1),
(61, '2100121', 'fdgh', NULL, 23, 'Male', 'N/A', '', '', '', '', '', '', '235246246', '', '', 1, '2021-01-29 00:00:00', '', 1, '2021-01-29 00:00:00', NULL, NULL, 1),
(62, '2100122', 'fdgh', NULL, 23, 'Male', 'N/A', '', '', '', '', '', '', '235246246', '', '', 1, '2021-01-29 00:00:00', '', 1, '2021-01-29 00:00:00', NULL, NULL, 1),
(63, '2100123', 'dsfs', NULL, 34, 'Male', 'N/A', '', '', '', '', '', '', '234234234', '', '', 1, '2021-01-29 00:00:00', '', 1, '2021-01-29 00:00:00', NULL, NULL, 1),
(64, '2100124', 'sdgsdg', NULL, 45, 'Male', 'N/A', '', '', '', '', '', '', '2345234523423', '', '', 1, '2021-01-29 00:00:00', '', 1, '2021-01-29 00:00:00', NULL, NULL, 1),
(65, '2100125', 'wet', NULL, 23, 'Male', 'N/A', '', '', '', '', '', '', '235235235235235', '', '', 1, '2021-01-29 00:00:00', '', 1, '2021-01-29 00:00:00', NULL, NULL, 1),
(66, '2100126', 'wetwet', NULL, 23, 'Male', 'N/A', '', '', '', '', '', '', '235235235', '', '', 1, '2021-01-29 00:00:00', '', 1, '2021-01-29 00:00:00', NULL, NULL, 1),
(67, '2100127', '4twertwet', NULL, 45, 'Male', 'N/A', '', '', '', '', '', '', '435346346', '', '', 1, '2021-01-29 00:00:00', '', 1, '2021-01-29 00:00:00', NULL, NULL, 1),
(68, '2100128', 'dfsdf', NULL, 34, 'Male', 'N/A', '', '', '', '', '', '', '23543346', '', '', 1, '2021-01-29 00:00:00', '', 1, '2021-01-29 00:00:00', NULL, NULL, 1),
(69, '2100129', 'qwrqwr', NULL, 23, 'Male', 'N/A', '', '', '', '', '', '', '235235235235', '', '', 1, '2021-01-29 00:00:00', '', 1, '2021-01-29 00:00:00', NULL, NULL, 1),
(70, '2100130', 'sdf', NULL, 34, 'Male', 'N/A', '', '', '', '', '', '', '235235235235', '', '', 1, '2021-01-29 00:00:00', '', 1, '2021-01-29 00:00:00', NULL, NULL, 1),
(71, '2100131', 'ert', NULL, 34, 'Male', 'N/A', '', '', '', '', '', '', '23564636346', '', '', 1, '2021-01-29 00:00:00', '', 1, '2021-01-29 00:00:00', NULL, NULL, 1),
(72, '2100132', 'wet', NULL, 34, 'Male', 'N/A', '', '', '', '', '', '', '23546346346', '', '', 1, '2021-01-29 00:00:00', '', 1, '2021-01-29 00:00:00', NULL, NULL, 1),
(73, '2100133', 'wqerwer', NULL, 34, 'Male', 'N/A', '', '', '', '', '', '', '34564575676', '', '', 1, '2021-01-29 00:00:00', '', 1, '2021-01-29 00:00:00', NULL, NULL, 1),
(74, '2100134', 'sfdgfdsg', NULL, 34, 'Male', 'N/A', '', '', '', '', '', '', '463346', '', '', 1, '2021-01-29 00:00:00', '', 1, '2021-01-29 00:00:00', NULL, NULL, 1),
(75, '2100135', 'sdfsdf', NULL, 34, 'Male', 'N/A', '', '', '', '', '', '', '253464576567567', '', '', 1, '2021-01-29 00:00:00', '', 1, '2021-01-29 00:00:00', NULL, NULL, 1),
(76, '2100136', 'dfdf', NULL, 34, 'Male', 'N/A', '', '', '', '', '', '', '234654576474578', '', '', 1, '2021-01-29 00:00:00', '', 1, '2021-01-29 00:00:00', NULL, NULL, 1),
(77, '2100137', '2sdfg', NULL, 43, 'Male', 'N/A', '', '', '', '', '', '', '23523523', '', '', 1, '2021-01-29 00:00:00', '', 1, '2021-01-29 00:00:00', NULL, NULL, 1),
(78, '2100138', 'sdgsdg', NULL, 35, 'Male', 'N/A', '', '', '', '', '', '', '235434536346', '', '', 1, '2021-01-29 00:00:00', '', 1, '2021-01-29 00:00:00', NULL, NULL, 1),
(79, '2100139', 'Te', NULL, 3, 'Male', 'N/A', '', '', '', '', '', '', '23423', '', '', 2, '2021-01-30 00:00:00', '', 1, '2021-01-30 00:00:00', NULL, NULL, 1),
(80, '2100141', 'Te', NULL, 3, 'Male', 'N/A', '', '', '', '', '', '', '23423', '', '', 2, '2021-01-30 00:00:00', '', 1, '2021-01-30 00:00:00', NULL, NULL, 1),
(81, '2100142', 'sdf', NULL, 23, 'Male', 'N/A', '', '', '', '', '', '', '235423523', '', '', 1, '2021-01-30 00:00:00', '', 1, '2021-01-30 00:00:00', NULL, NULL, 1),
(82, '2100143', 'asf', NULL, 23, 'Male', 'N/A', '', '', '', '', '', '', '23452353', '', '', 1, '2021-01-30 00:00:00', '', 1, '2021-01-30 00:00:00', NULL, NULL, 1),
(83, '2100144', 'sfsaf', NULL, 52, 'Male', 'N/A', '', '', '', '', '', '', '346346', '', '', 1, '2021-01-30 00:00:00', '', 1, '2021-01-30 00:00:00', NULL, NULL, 1),
(84, '2100146', 'safsadgs', NULL, 23, 'Male', 'N/A', '', '', '', '', '', '', '235644363446', '', '', 1, '2021-02-01 00:00:00', '', 1, '2021-02-01 00:00:00', NULL, NULL, 1),
(85, '2100147', 'edrtwet', NULL, 23, 'Male', 'N/A', '', '', '', '', '', '', '2323525235', '', '', 1, '2021-02-01 00:00:00', '', 1, '2021-02-01 00:00:00', NULL, NULL, 1),
(86, '2100148', 'werwer', NULL, 34, 'Male', 'N/A', '', '', '', '', '', '', '23526236236', '', '', 1, '2021-02-01 00:00:00', '', 1, '2021-02-01 00:00:00', NULL, NULL, 1),
(87, '2100149', 'sadf', NULL, 23, 'Male', 'N/A', '', '', '', '', '', '', '235234534', '', '', 1, '2021-02-01 00:00:00', '', 1, '2021-02-01 00:00:00', NULL, NULL, 1),
(88, '2100150', 'dfhdfh', NULL, 34, 'Male', 'N/A', '', '', '', '', '', '', '234534534', '', '', 1, '2021-02-01 00:00:00', '', 1, '2021-02-01 00:00:00', NULL, NULL, 1),
(89, '2100151', 'dfsdfgsdgs', NULL, 34, 'Male', 'N/A', '', '', '', '', '', '', '235235235', '', '', 1, '2021-02-01 00:00:00', '', 1, '2021-02-01 00:00:00', NULL, NULL, 1),
(90, '2100152', 'wetwet', NULL, 23, 'Male', 'N/A', '', '', '', '', '', '', '14235235', '', '', 1, '2021-02-01 00:00:00', '', 1, '2021-02-01 00:00:00', NULL, NULL, 1),
(91, '2100153', 'werwert', NULL, 34, 'Male', 'N/A', '', '', '', '', '', '', '45346346346', '', '', 1, '2021-02-01 00:00:00', '', 1, '2021-02-01 00:00:00', NULL, NULL, 1),
(92, '2100154', 'sdf', NULL, 23, 'Male', 'N/A', '', '', '', '', '', '', '4353456346', '', '', 1, '2021-02-01 00:00:00', '', 1, '2021-02-01 00:00:00', NULL, NULL, 1),
(93, '2100155', 'eryery', NULL, 45, 'Male', 'N/A', '', '', '', '', '', '', '346346', '', '', 1, '2021-02-01 00:00:00', '', 1, '2021-02-01 00:00:00', NULL, NULL, 1),
(94, '2100156', 'sad', NULL, 43, 'Male', 'N/A', '', '', '', '', '', '', '235235', '', '', 1, '2021-02-01 00:00:00', '', 1, '2021-02-01 00:00:00', NULL, NULL, 1),
(95, '2100157', 'asdsad', NULL, 23, 'Male', 'N/A', '', '', '', '', '', '', '34235235', '', '', 1, '2021-02-01 00:00:00', '', 1, '2021-02-01 00:00:00', NULL, NULL, 1),
(96, '2100158', 'er', NULL, 43, 'Male', 'N/A', '', '', '', '', '', '', '3454656', '', '', 1, '2021-02-01 00:00:00', '', 1, '2021-02-01 00:00:00', NULL, NULL, 1),
(97, '2100159', 'sdf', NULL, 43, 'Male', 'N/A', '', '', '', '', '', '', '4356346346', '', '', 1, '2021-02-01 00:00:00', '', 1, '2021-02-01 00:00:00', NULL, NULL, 1),
(98, '2100160', 'wetwe', NULL, 34, 'Male', 'N/A', '', '', '', '', '', '', '435346346', '', '', 1, '2021-02-01 00:00:00', '', 1, '2021-02-01 00:00:00', NULL, NULL, 1),
(99, '2100161', 'wetwet', NULL, 23, 'Male', 'N/A', '', '', '', '', '', '', '23523523', '', '', 1, '2021-02-01 00:00:00', '', 1, '2021-02-01 00:00:00', NULL, NULL, 1),
(100, '2100162', 'etwet', NULL, 34, 'Male', 'N/A', '', '', '', '', '', '', '45345345', '', '', 1, '2021-02-01 00:00:00', '', 1, '2021-02-01 00:00:00', NULL, NULL, 1),
(101, '2100163', 'werwe', NULL, 23, 'Male', 'N/A', '', '', '', '', '', '', '435346364', '', '', 1, '2021-02-01 00:00:00', '', 1, '2021-02-01 00:00:00', NULL, NULL, 1),
(102, '2100164', 'asdfasfa', NULL, 23, 'Male', 'N/A', '', '', '', '', '', '', '34235235', '', '', 1, '2021-02-01 00:00:00', '', 1, '2021-02-01 00:00:00', NULL, NULL, 1),
(103, '2100165', 'sdfgs', NULL, 34, 'Male', 'N/A', '', '', '', '', '', '', '2345235235', '', '', 1, '2021-02-03 00:00:00', '', 1, '2021-02-03 00:00:00', NULL, NULL, 1),
(104, '2110114', '4534', NULL, 43, 'Male', 'N/A', '', '', '', '', '', '', '45346346', '', '', 1, '2021-02-03 00:00:00', '', 1, '2021-02-03 00:00:00', NULL, NULL, 1),
(105, '2110115', 'wretyw', NULL, 34, 'Male', 'N/A', '', '', '', '', '', '', '453636346', '', '', 1, '2021-02-03 00:00:00', '', 1, '2021-02-03 00:00:00', NULL, NULL, 1),
(106, '2110116', 'rwtwe', NULL, 23, 'Male', 'N/A', '', '', '', '', '', '', '3423', '', '', 1, '2021-02-03 00:00:00', '', 1, '2021-02-03 00:00:00', NULL, NULL, 1),
(107, '2110117', 'dfgdfg', NULL, 34, 'Male', 'N/A', '', '', '', '', '', '', '43546577', '', '', 1, '2021-02-03 00:00:00', '', 1, '2021-02-03 00:00:00', NULL, NULL, 1),
(108, '2110118', 'fsdfsdf', NULL, 23, 'Male', 'N/A', '', '', '', '', '', '', '2342342343', '', '', 1, '2021-02-03 00:00:00', '', 1, '2021-02-03 00:00:00', NULL, NULL, 1),
(109, '2110119', 'sdfgs', NULL, 45, 'Male', 'N/A', '', '', '', '', '', '', '342356236', '', '', 2, '2021-02-03 00:00:00', '', 1, '2021-02-03 00:00:00', NULL, NULL, 1),
(110, '2110120', 'Test', '2021-02-08 00:00:00', 23, 'Male', 'N/A', '', '', '', '', '', '', '235235235', '', '', 1, '2021-02-03 00:00:00', '', 1, '2021-02-03 00:00:00', NULL, NULL, 1),
(111, '2110121', 'sebin', '2021-02-07 00:00:00', 0, 'Male', 'N/A', '', '', '', '', '', '', '8136846677', '', '', 1, '2021-02-11 00:00:00', '', 1, '2021-02-11 00:00:00', NULL, NULL, 1),
(112, '2110122', 'as', '2021-02-15 00:00:00', 0, 'Male', 'N/A', '', '', '', '', '', '', '8136846677', '', '', 1, '2021-02-11 00:00:00', '', 1, '2021-02-11 00:00:00', NULL, NULL, 1),
(113, '2110123', 'sfsdfsdf', NULL, 0, 'Male', 'N/A', '', '', '', '', '', '', '8136846677', '', '', 1, '2021-02-11 00:00:00', '', 1, '2021-02-11 00:00:00', NULL, NULL, 1),
(114, '2110124', 'eeeeee', NULL, 0, 'Male', 'N/A', '', '', '', '', '', '', '8136846677', '', '', 1, '2021-02-11 00:00:00', '', 1, '2021-02-11 00:00:00', NULL, NULL, 1),
(115, '2110125', 'dfgdfgdfg', NULL, 0, 'Male', 'N/A', '', '', '', '', '', '', '8136846677', '', '', 1, '2021-02-11 00:00:00', '', 1, '2021-02-11 00:00:00', NULL, NULL, 1),
(116, '2110126', 'sebin', NULL, 0, 'Male', 'N/A', '', '', '', '', '', '', '8136846677', '', '', 1, '2021-02-11 00:00:00', '', 1, '2021-02-11 00:00:00', NULL, NULL, 1),
(117, '2110127', 'asfdasf', NULL, 0, 'Male', 'N/A', '', '', '', '', '', '', '8136846677', '', '', 1, '2021-02-11 00:00:00', '', 1, '2021-02-11 00:00:00', NULL, NULL, 1),
(118, '2110128', 'sfasdf', NULL, 0, 'Male', 'N/A', '', '', '', '', '', '', '8136846677', '', '', 1, '2021-02-11 00:00:00', '', 1, '2021-02-11 00:00:00', NULL, NULL, 1),
(119, '2110129', 'sfdas', NULL, 0, 'Male', 'N/A', '', '', '', '', '', '', '8136846677', '', '', 1, '2021-02-11 00:00:00', '', 1, '2021-02-11 00:00:00', NULL, NULL, 1),
(120, '2110130', 'sdfsdfsdfsdfsdfsdf', NULL, 56, 'Male', 'N/A', '', '', '', '', '', '', '8136846677', '', '', 1, '2021-02-11 00:00:00', '', 1, '2021-02-11 00:00:00', NULL, NULL, 1),
(121, '2110131', 'sdffffffffffffffffff', NULL, 0, 'Male', 'N/A', '', '', '', '', '', '', '8136846677', '', '', 1, '2021-02-11 00:00:00', '', 1, '2021-02-11 00:00:00', NULL, NULL, 1),
(122, '2110132', 'sebin', NULL, 0, 'Male', 'N/A', '', '', '', '', '', '', '8136846677', '', '', 1, '2021-02-11 00:00:00', '', 1, '2021-02-11 00:00:00', NULL, NULL, 1),
(123, '2110133', 'Francis Sebin Fernandez', '1997-08-11 00:00:00', 24, 'Male', 'N/A', '', '', '', '', '', '', '8136846677', '', '', 1, '2021-02-11 00:00:00', '', 1, '2021-02-11 00:00:00', NULL, NULL, 1),
(124, '2110134', 'Unnikrishnan', '2021-02-10 00:00:00', 0, 'Male', 'N/A', '', '', '', '', '', '', '8136846677', '', '', 1, '2021-02-11 00:00:00', '', 1, '2021-02-11 00:00:00', NULL, NULL, 1),
(125, '2110135', 'Unnimaya', '2021-02-17 00:00:00', 0, 'Female', 'N/A', '', '', '', '', '', '', '8136846677', '', '', 1, '2021-02-11 00:00:00', '', 1, '2021-02-11 00:00:00', NULL, NULL, 1),
(126, '2110136', 'sha', NULL, 0, 'Female', 'N/A', '', '', '', '', '', '', '8136846677', '', '', 1, '2021-02-11 00:00:00', '', 1, '2021-02-11 00:00:00', NULL, NULL, 1),
(127, '2110137', 'sds', '2021-02-16 00:00:00', 0, 'Transgender', 'N/A', '', '', '', '', '', '', '8136846677', '', '', 1, '2021-02-11 00:00:00', '', 1, '2021-02-11 00:00:00', NULL, NULL, 1),
(128, '2110138', 'sdg', NULL, 0, 'Female', 'N/A', '', '', '', '', '', '', '8136846677', '', '', 1, '2021-02-11 00:00:00', '', 1, '2021-02-11 00:00:00', NULL, NULL, 1),
(129, '2110139', 'azdas', NULL, 56, 'Male', 'N/A', '', '', '', '', '', '', '8136846677', '', '', 2, '2021-02-25 00:00:00', '', 1, '2021-02-25 00:00:00', NULL, NULL, 1),
(130, 'D00065', 'sebin', NULL, 56, 'Male', 'N/A', '', '', '', '', '', '', '8136846677', '', '', 1, '2021-02-25 00:00:00', '', 1, '2021-02-25 00:00:00', NULL, NULL, 1),
(131, 'D000656', 'sebin', NULL, 56, 'Male', 'N/A', '', '', '', '', '', '', '8136846677', '', '', 1, '2021-02-25 00:00:00', '', 1, '2021-02-25 00:00:00', NULL, NULL, 1),
(132, '2110140', 'sebin', NULL, 56, 'Male', 'N/A', '', '', '', '', '', '', '8136846677', '', '', 1, '2021-02-25 00:00:00', '', 1, '2021-02-25 00:00:00', NULL, NULL, 1),
(133, 'D10141', 'sebin', '2021-02-16 00:00:00', 0, 'Male', 'N/A', '', '', '', '', '', '', '8136846677', '', '', 1, '2021-02-25 00:00:00', '', 1, '2021-02-25 00:00:00', NULL, NULL, 1),
(134, 'C10141', 'sebin', NULL, 56, 'Male', 'N/A', '', '', '', '', '', '', '8136846677', '', '', 2, '2021-02-25 00:00:00', '', 1, '2021-02-25 00:00:00', NULL, NULL, 1),
(135, '2110141', 'Test', NULL, 56, 'Male', 'N/A', '', '', '', '', '', '', '3', '', '', 1, '2021-02-25 00:00:00', '', 1, '2021-02-25 00:00:00', NULL, NULL, 1),
(136, '2110142', 'Test', NULL, 56, 'Male', 'N/A', '', '', '', '', '', '', '8136846677', '', '', 2, '2021-02-25 00:00:00', '', 1, '2021-02-25 00:00:00', NULL, NULL, 1);

-- --------------------------------------------------------

--
-- Table structure for table `visit_details`
--

CREATE TABLE `visit_details` (
  `visit_id` bigint(20) NOT NULL,
  `patients_id` bigint(20) NOT NULL,
  `visit_date` datetime NOT NULL,
  `booking_date` datetime NOT NULL,
  `department_id` bigint(20) NOT NULL,
  `remarks` varchar(200) DEFAULT NULL,
  `status` tinyint(4) NOT NULL DEFAULT 1
) ENGINE=InnoDB DEFAULT CHARSET=utf8mb4;

--
-- Dumping data for table `visit_details`
--

INSERT INTO `visit_details` (`visit_id`, `patients_id`, `visit_date`, `booking_date`, `department_id`, `remarks`, `status`) VALUES
(2, 12, '2020-12-10 00:00:00', '0000-00-00 00:00:00', 5, '&amp;lt;/textarea&amp;gt;&amp;lt;b&amp;gt;fff&amp;lt;/b&amp;gt;', 1),
(3, 12, '2020-12-10 00:00:00', '0000-00-00 00:00:00', 5, '&amp;lt;/textarea&amp;gt;&amp;lt;b&amp;gt;fff&amp;lt;/b&amp;gt;', 1),
(4, 11, '2020-12-10 00:00:00', '0000-00-00 00:00:00', 5, 'adadad', 1),
(6, 12, '2020-12-10 00:00:00', '0000-00-00 00:00:00', 5, '', 1),
(7, 12, '2020-12-10 00:00:00', '0000-00-00 00:00:00', 5, 'sds', 1),
(8, 11, '2020-12-10 00:00:00', '0000-00-00 00:00:00', 5, 'sds', 1),
(9, 11, '2020-12-10 00:00:00', '0000-00-00 00:00:00', 6, 'sfsf', 1),
(10, 11, '2020-12-11 00:00:00', '0000-00-00 00:00:00', 6, 'Remarks', 0),
(11, 11, '2020-12-11 00:00:00', '0000-00-00 00:00:00', 6, 'Remarks', 0),
(12, 11, '2020-12-11 00:00:00', '0000-00-00 00:00:00', 6, 'Remarks', 1),
(13, 5, '2020-12-11 00:00:00', '0000-00-00 00:00:00', 6, '555', 1),
(14, 12, '2020-12-21 00:00:00', '0000-00-00 00:00:00', 5, '', 0),
(15, 12, '2020-12-22 00:00:00', '0000-00-00 00:00:00', 5, 'KK', 1),
(16, 12, '2020-11-08 00:00:00', '0000-00-00 00:00:00', 5, '', 1),
(17, 22, '2020-12-23 00:00:00', '0000-00-00 00:00:00', 6, '', 0),
(18, 11, '2020-12-29 00:00:00', '0000-00-00 00:00:00', 6, 'New', 1),
(19, 23, '2020-12-29 00:00:00', '0000-00-00 00:00:00', 6, 'dd ffffffffffff', 0),
(20, 23, '2020-12-31 00:00:00', '0000-00-00 00:00:00', 6, 'Updatyed', 1),
(21, 23, '2020-12-27 00:00:00', '0000-00-00 00:00:00', 6, 'dd', 1),
(22, 23, '2021-01-01 00:00:00', '0000-00-00 00:00:00', 6, 'https://us04web.zoom.us/j/77302952589?pwd=d1BtYUhFd3FpYWxsZkcwTlFqSUtQQT09', 1),
(23, 39, '2020-12-30 00:00:00', '0000-00-00 00:00:00', 6, '', 1);

--
-- Indexes for dumped tables
--

--
-- Indexes for table `category`
--
ALTER TABLE `category`
  ADD PRIMARY KEY (`id`),
  ADD KEY `cat_name` (`cat_name`);

--
-- Indexes for table `department`
--
ALTER TABLE `department`
  ADD PRIMARY KEY (`id`);

--
-- Indexes for table `new_table_name`
--
ALTER TABLE `new_table_name`
  ADD PRIMARY KEY (`id`),
  ADD KEY `d` (`d`);

--
-- Indexes for table `patients_record`
--
ALTER TABLE `patients_record`
  ADD PRIMARY KEY (`id`),
  ADD UNIQUE KEY `op_card_number` (`reg_card_number`),
  ADD KEY `name` (`name`),
  ADD KEY `contact_number` (`contact_number`),
  ADD KEY `reg_date` (`reg_date`);

--
-- Indexes for table `visit_details`
--
ALTER TABLE `visit_details`
  ADD PRIMARY KEY (`visit_id`),
  ADD KEY `patients_id` (`patients_id`),
  ADD KEY `visit_date` (`visit_date`);

--
-- AUTO_INCREMENT for dumped tables
--

--
-- AUTO_INCREMENT for table `category`
--
ALTER TABLE `category`
  MODIFY `id` int(11) NOT NULL AUTO_INCREMENT, AUTO_INCREMENT=5;

--
-- AUTO_INCREMENT for table `department`
--
ALTER TABLE `department`
  MODIFY `id` int(11) NOT NULL AUTO_INCREMENT, AUTO_INCREMENT=7;

--
-- AUTO_INCREMENT for table `new_table_name`
--
ALTER TABLE `new_table_name`
  MODIFY `id` int(11) NOT NULL AUTO_INCREMENT;

--
-- AUTO_INCREMENT for table `patients_record`
--
ALTER TABLE `patients_record`
  MODIFY `id` bigint(20) NOT NULL AUTO_INCREMENT, AUTO_INCREMENT=137;

--
-- AUTO_INCREMENT for table `visit_details`
--
ALTER TABLE `visit_details`
  MODIFY `visit_id` bigint(20) NOT NULL AUTO_INCREMENT, AUTO_INCREMENT=24;

--
-- Constraints for dumped tables
--

--
-- Constraints for table `new_table_name`
--
ALTER TABLE `new_table_name`
  ADD CONSTRAINT `new_table_name_ibfk_1` FOREIGN KEY (`d`) REFERENCES `department` (`id`) ON DELETE CASCADE ON UPDATE CASCADE;

--
-- Constraints for table `visit_details`
--
ALTER TABLE `visit_details`
  ADD CONSTRAINT `visit_details_ibfk_1` FOREIGN KEY (`patients_id`) REFERENCES `patients_record` (`id`) ON DELETE CASCADE ON UPDATE CASCADE;
COMMIT;

/*!40101 SET CHARACTER_SET_CLIENT=@OLD_CHARACTER_SET_CLIENT */;
/*!40101 SET CHARACTER_SET_RESULTS=@OLD_CHARACTER_SET_RESULTS */;
/*!40101 SET COLLATION_CONNECTION=@OLD_COLLATION_CONNECTION */;
